{"cameraMode":{"drawMode":0,"name":"Shaded","section":"Shading Mode"},"sceneLighting":true,"audioPlay":false,"sceneViewState":{"showFog":true,"showMaterialUpdate":true,"showSkybox":true,"showFlares":true,"showImageEffects":true,"showParticleSystems":true},"in2DMode":false,"pivot":{"x":516.8952026367188,"y":379.6111145019531,"z":-50.68132019042969},"rotation":{"x":0.1783289909362793,"y":0.28875306248664858,"z":-0.055675897747278216,"w":0.9395875334739685},"size":151.20681762695313,"orthographic":false}